page,snippet
1,หลักสูตรวิทยาศาสตรบัณฑิต สาขาวิชาวิทยาการขอมูลและการวิเคราะหเชิงธุรกิจ (หลักสูตรปรับปรุง พ.ศ. 2565) คณะเทคโนโลยีสารสนเทศ สถาบันเทคโนโลยีพระจอมเกล้าเจ้าคุณทหารลาดกระบัง สภาวิชาการ เห็นชอบ ครั_งที^ 10/2564 เมื^อวันที^ 26 ตุลาคม 2564 สภาสถาบันฯ อนุมัติ ครั_งที^ 11/2564 เมื^อวันที^ 15 พฤษจิกายน 2564 ผ่านการพิจารณาความสอดคล้อง จาก สป.อว. เมื^อวันที^ 1 พฤษภาคม 2566
2,มคอ. 2 วท.บ (วิทยาการขอมูลและการวิเคราะหเชิงธุรกิจ) สาขาวิชาวิทยาการขอมูลและการวิเคราะหเชิงธุรกิจ คณะเทคโนโลยีสารสนเทศ สจล. 1 หลักสูตรวิทยาศาสตรบัณฑิต สาขาวิชาวิทยาการขอมูลและการวิเคราะหเชิงธุรกิจ หลักสูตรปรับปรุง พ.ศ. 2565 ชื่อสถาบันอุดมศึกษา สถาบันเทคโนโลยีพระจอมเกลาเจาคุณทหารลาดกระบัง คณะ/วิทยาเขต/วิทยาลัย คณะเทคโนโลยีสารสนเทศ สาขาวิชา วิทยาการขอมูลและการวิเคราะหเชิงธุรกิจ หมวดที่ 1 ขอมูลทั่วไป 1. ชื่อหลักสูตร ชื่อภาษาไทย หลักสูตรวิทยาศาสตรบัณฑิต สาขาวิชาวิทยาการขอมูลและการวิเคราะห เชิงธุรกิจ ชื่อภาษาอังกฤษ Bachelor of Science Program in Data Science and Business Analytics 2. ชื่อปริญญาและสาขาวิชา ชื่อเต็ม (ภาษาไทย) : วิทยาศาสตรบัณฑิต (วิทยาการขอมูลและการวิเคราะหเชิงธุรกิจ) (ภาษาอังกฤษ) : Bachelor of Science (Data Science and Business Analytics) ชื่อยอ (ภาษาไทย) : วท.บ. (วิทยาการขอมูลและการวิเคราะหเชิงธุรกิจ) (ภาษาอังกฤษ) : B.Sc. (Data Science and Business Analytics) 3. วิชาเอกหรือความเชี่ยวชาญเฉพาะของหลักสูตร (ถามี) หลักสูตรนี้จัดอยูในสาขาคอมพิวเตอร (สาขาวิชาเทคโนโลยีสารสนเทศ) ซึ่งเปนไปตามมาตรฐาน คุณวุฒิระดับปริญญาตรี สาขาคอมพิวเตอร โดยอางอิงตาม มคอ.1 ซึ่งเนนใหผูเรียนมีความรูความ เชี่ยวชาญเฉพาะในดานวิทยาการขอมูลและการวิเคราะหเชิงธุรกิจ ทั้งในเชิงทฤษฎีและปฏิบัติ 4. จำนวนหนวยกิตที่เรียนตลอดหลักสูตร 132 หนวยกิต
3,มคอ. 2 วท.บ (วิทยาการขอมูลและการวิเคราะหเชิงธุรกิจ) สาขาวิชาวิทยาการขอมูลและการวิเคราะหเชิงธุรกิจ คณะเทคโนโลยีสารสนเทศ สจล. 2 5. รูปแบบของหลักสูตร 5.1 รูปแบบ  หลักสูตรปริญญาตรี 4 ป 5.2 ประเภทของหลักสูตร  หลักสูตรปริญญาตรีทางวิชาการ  หลักสูตรปริญญาตรีทางวิชาการ  หลักสูตรปริญญาตรีแบบกาวหนาทางวิชาการ 5.3 ภาษาที่ใช  หลักสูตรจัดการศึกษาเปนภาษาไทยและภาษาอังกฤษ 5.4 การรับเขาศึกษา  รับเฉพาะนักศึกษาไทย  รับนักศึกษาตางชาติที่สามารถใชภาษาไทยไดเปนอยางดี 5.5 ความรวมมือกับสถาบันอื่น  เปนหลักสูตรของสถาบันโดยเฉพาะ 5.6 การใหปริญญาแกผูสำเร็จการศึกษา  ใหปริญญาเพียงสาขาวิชาเดียว 6. สถานภาพของหลักสูตรและการพิจารณาอนุมัติ/เห็นชอบหลักสูตร หลักสูตรวิทยาศาสตรบัณฑิต สาขาวิชาวิทยาการขอมูลและการวิเคราะหเชิงธุรกิจ หลักสูตรปรับปรุง พ.ศ. 2565 ปรังปรุงมาจาก หลักสูตรวิทยาศาสตรบัณฑิต สาขาวิชาวิทยาการขอมูลและการวิเคราะหเชิง ธุรกิจ หลักสูตรปรับปรุง พ.ศ. 2560  หลักสูตรปรับปรุง กำหนดเปดสอนเดือนสิงหาคม พ.ศ. 2565  ไดพิจารณากลั่นกรองโดยคณะกรรมการสภาวิชาการ ครั้งที่ 10/2564 เมื่อวันที่ 26 ตุลาคม พ.ศ. 2564  ไดรับอนุมัติ/เห็นชอบหลักสูตรจากสภาสถาบัน ในการประชุมครั้งที่ 11/2564 เมื่อวันที่ 15 พฤศจิกายน พ.ศ. 2564 7. ความพรอมในการเผยแพรหลักสูตรที่มีคุณภาพและมาตรฐาน หลักสูตรมีความพรอมเผยแพรคุณภาพและมาตรฐานตามกรอบมาตรฐานคุณวุฒิระดับอุดมศึกษา แหงชาติ สาขาคอมพิวเตอร ในปการศึกษา 2567 8. อาชีพที่สามารถประกอบไดหลังสำเร็จการศึกษา บัณฑิตเมื่อสำเร็จการศึกษาหลักสูตรนี้ จะมีความรูความสามารถและความเชี่ยวชาญเฉพาะดาน วิทยาการขอมูลและการวิเคราะหเชิงธุรกิจที่เพียงพอในการประกอบอาชีพและตอบสนองความตองการ ของตลาดแรงงาน ทั้งหนวยงานภาครัฐและภาคเอกชน สำหรับตำแหนงงานดานตาง ๆ ไดแก 1) นักวิทยาการขอมูล (Data Scientist) 2) นักวิเคราะหขอมูล (Data Analyst)
4,"มคอ. 2 วท.บ (วิทยาการขอมูลและการวิเคราะหเชิงธุรกิจ) สาขาวิชาวิทยาการขอมูลและการวิเคราะหเชิงธุรกิจ คณะเทคโนโลยีสารสนเทศ สจล. 3 2.1) ผูเชี่ยวชาญดานอัจฉริยะทางธุรกิจ (BI Specialist) 2.2) นักวิเคราะหดานอัจฉริยะทางธุรกิจ (BI Analyst) 2.3) นักพัฒนาดานอัจฉริยะทางธุรกิจ (BI Developer) 2.4) นักพัฒนาขอมูลเชิงลึกทางธุรกิจ (Business Insight Data Developer) 3) วิศวกรขอมูล (Data Engineer) 3.1) นักพัฒนาคลังขอมูล (Data Warehouse Developer) 4) วิศวกรการเรียนรูของเครื่อง (Machine Learning Engineer) 5) นักพัฒนาแบบจำลองขอมูล (Data Modeler) 9. ชื่อ นามสกุล เลขประจำตัวบัตรประชาชน ตำแหนง และคุณวุฒิการศึกษาของอาจารย ผูรับผิดชอบหลักสูตร ชื่อ-สกุล เลขที่บัตรประชาชน คุณวุฒิการศึกษา (สาขาวิชา), ปที่สำเร็จการศึกษา สถาบันที่สำเร็จการศึกษา 1. รศ.ดร.กิติ์สุชาต พสุภา (สาขาวิชาเทคโนโลยีสารสนเทศ) 3100400555216 - Ph.D. (Automatic Control & Systems Engineering), 2551 University of Sheffield, UK - M.Sc. (Control Systems), 2547 University of Sheffield, UK - B.Eng. (Electrical Engineering), 2546 Sirindhorn International Institute of Technology, Thammasat University 2. ผศ.ดร.โอฬาร วงศวิรัตน (สาขาวิชาเทคโนโลยีสารสนเทศ) 3102001332223 - D.Eng. (Electronics), 2550 Tokai University, Japan, - M.S. (Electrical Engineering), 2538 New Mexico State University, USA - วศ.บ. (วิศวกรรมอิเล็กทรอนิกส) (เกียรตินิยม), 2533 มหาวิทยาลัยเอเชียอาคเนย - บธ.บ. (การบริหารทั่วไป), 2532 มหาวิทยาลัยรามคำแหง 3. ผศ.ดร.กนกวรรณ อัจฉริยะชาญวณิช (สาขาวิชาเทคโนโลยีสารสนเทศ) 3219900025337 - Ph.D. (Informatics), 2550 The Graduate University for Advanced Studies, Japan - M.M. (Public Administration), 2554 Tsinghua University, China - M.Sc. (Information Management), 2544 Asian Institute of Technology - B.Sc. (Information Technology) (Second-class Honours), 2542 Assumption University"
5,"มคอ. 2 วท.บ (วิทยาการขอมูลและการวิเคราะหเชิงธุรกิจ) สาขาวิชาวิทยาการขอมูลและการวิเคราะหเชิงธุรกิจ คณะเทคโนโลยีสารสนเทศ สจล. 4 ชื่อ-สกุล เลขที่บัตรประชาชน คุณวุฒิการศึกษา (สาขาวิชา), ปที่สำเร็จการศึกษา สถาบันที่สำเร็จการศึกษา 4. ดร. ชยานนท ทรัพยอาภา 3100902833816 - Ph.D. (Software and Information Science), 2559 Iwate Prefectural University, Japan - วท.ม. (เทคโนโลยีสารสนเทศ), 2552 สถาบันเทคโนโลยีพระจอมเกลาเจา คุณทหารลาดกระบัง - วท.บ. (วิทยาการคอมพิวเตอร), 2546 มหาวิทยาลัยเกษตรศาสตร 5. อ.วารุนี บัววิรัตน 3100602197116 - M.S. (Technology Management), 2542 Mercer University, Atlanta, GA, USA - วท.บ. (สถิติ), 2539 มหาวิทยาลัยศิลปากร 10. สถานที่จัดการเรียนการสอน  ในสถานที่ตั้งสถาบันเทคโนโลยีพระจอมเกลาเจาคุณทหารลาดกระบัง 11. สถานการณภายนอกหรือการพัฒนาที่จำเปนตองนำมาพิจารณาในการวางแผนหลักสูตร 11.1 สถานการณหรือการพัฒนาทางเศรษฐกิจ ปจจุบัน ศักยภาพของเทคโนโลยีใหม ๆ ทำใหเกิด Digital disrupts องคกรตาง ๆ ในหลากหลาย อุตสาหกรรม เชน การเงิน สุขภาพ การพาณิชย การศึกษา และการเกษตร เปนตน ที่ตองเขาสู แพลตฟอรมดิจิทัล (Digital platform) และดวยปริมาณขอมูลที่เกิดขึ้นเปนขอมูลมหัต (Big Data) การ วิเคราะหขอมูล (Data Analytics) โดยใชวิทยาการขอมูล (Data Science) เชน เทคนิคการเรียนรูของ เครื่อง (Machine Learning: ML) และปญญาประดิษฐ (Artificial Intelligence: AI) จึงมีบทบาทสำคัญ ในการวิเคราะหขอมูลเชิงปริมาณเพื่อใหไดขอมูลเชิงลึกทางธุรกิจ (Business Insight) ที่เปนประโยชน เชน ความเขาใจพฤติกรรมของลูกคา ความเขาใจความตองการของตลาดที่เปลี่ยนแปลงอยางรวดเร็ว ทำ ใหเกิดการคิดคนนวัตกรรมดานสินคาและบริการ การปรับเปลี่ยนการดำเนินธุรกิจ (Business Transformation) เพื่อขับเคลื่อนธุรกิจไปสูความสำเร็จจากองคความรูและการตัดสินใจอยางชาญฉลาด (Decision Intelligence) รวมทั้งพัฒนารูปแบบธุรกิจใหม ๆ (Business Models) ดังนั้นหลาย ๆ องคกร ไดตระหนักถึงความจำเปนและความสำคัญในการใชประโยชนจากเทคโนโลยีและขอมูลในการดำเนินงาน ใหบรรลุเปาหมายเชน สถาบันการเงินและธนาคารมีการใชขอมูลของลูกคาในการใหบริการทางการเงิน บริษัทซื้อขายหลักทรัพยใชขอมูลราคาซื้อขายหลักทรัพยในการตัดสินใจลงทุน และบริษัทขายสินคา ออนไลนใชขอมูลการซื้อขายสินคาของลูกคามาพัฒนาเปนระบบแนะนำสินคาแบบอัตโนมัติ การแพทยมี การวิเคราะหขอมูลเพื่อการวินิจฉัยโรค เปนตน มีการนำเทคโนโลยีและปญญาธุรกิจ (Business Intelligence) เขามาชวยในการวิเคราะหขอมูลเชิงธุรกิจ รวมทั้ง การแสดงผลขอมูลที่สามารถใหผูใช ขอมูลคนหาและเขาใจขอมูลไดโดยงาย (Data Visualization) จะเห็นไดวา มีบทบาทมากขึ้นในการ ดำเนินธุรกิจในอุตสาหกรรมตางๆ การประยุกต"
6,มคอ. 2 วท.บ (วิทยาการขอมูลและการวิเคราะหเชิงธุรกิจ) สาขาวิชาวิทยาการขอมูลและการวิเคราะหเชิงธุรกิจ คณะเทคโนโลยีสารสนเทศ สจล. 5 ผูประกอบการ (Industry survey) ของ ACM (Association for Computing Machinery) พบวา มี ความตองการนักวิทยาการขอมูล (Data Scientist) หรือนักวิเคราะหขอมูล (Data Analyst) ที่คอนขางสูง อยางมากในปจจุบันและในอนาคต เมื่อพิจารณาถึงยุทธศาสตรชาติ 20 ป (2561-2580) ก็ไดกำหนดสอง เปาหมายที่สำคัญ โดยเปาหมายแรก คือ การสรางขีดความสามารถในการแขงขัน (Competitiveness) ของประเทศโดยยกระดับศักยภาพในหลากหลายมิติ รวมถึงการพัฒนาอุตสาหกรรมและบริการดิจิทัล ขอมูล และปญญาประดิษฐ และเปาหมายที่สองคือ ดานการพัฒนาเสริมศักยภาพของทรัพยากรมนุษย รวมทั้งในสวนของแผนพัฒนาเศรษฐกิจและสังคมฯ ฉบับที่ 13 (2566-2570) ก็มีเปาหมายที่สอดคลองกัน กับยุทธศาสตรชาติ คือ เปาหมายดานอิเล็กทรอนิกสอัจฉริยะและบริการดิจิทัล เพื่อเพิ่มขีดความสามารถ ในการแขงขันทางเศรษฐกิจของประเทศดวยการใชนวัตกรรมและเทคโนโลยีดิจิทัลเปนเครื่องมือหลักใน การสรางสรรคนวัตกรรมการผลิตการบริการ และเปาหมายดานการพัฒนากำลังคนที่มีสมรรถนะสูงตอบ โจทยการพัฒนาแหงอนาคต โดยมุงเนนการพัฒนากําลังคนดิจิทัล (Digital workforce) เตรียมความ พรอมใหบุคลากรในประกอบอาชีพในยุคดิจิทัล เพื่อประเทศไทยกาวสูดิจิทัลไทยแลนด (Digital Thailand) ที่ขับเคลื่อนและใชประโยชนจากนวัตกรรมดิจิทัลไดอยางเต็มศักยภาพ หลักสูตรสาขา วิทยาการขอมูลและการวิเคราะหเชิงธุรกิจ จึงเปนศาสตรที่มีความสำคัญที่จะชวยเตรียมพรอมบุคลากร ทางดานวิทยาการขอมูลและการวิเคราะหเชิงธุรกิจ ในการขับเคลื่อนยุทธศาสตรและนโยบายของชาติ เพื่อรองรับแนวโนมความตองการที่เพิ่มขึ้นของตลาดงานทั้งในประเทศและในบริบทโลก 11.2 สถานการณหรือการพัฒนาทางสังคมและวัฒนธรรม ปจจุบัน เทคโนโลยีเขามามีบทบาทตอธุรกิจ ตอสังคม และการใชชีวิตประจำวันของคนมากขึ้น ทั้งนี้เนื่องจากการเขาถึงเทคโนโลยีและขอมูลไดอยางสะดวก รวดเร็ว งายขึ้น และมีตนทุนต่ำ จะเห็นได จากการใชงานเครือขายสังคมหรือแอปพลิเคชันผานอุปกรณอัจฉริยะ (Smart device) ตาง ๆ ทั้งในเรื่อง สวนตัว ความบันเทิง สังคม และการสื่อสารการตลาด เปนตน นอกจากขอมูลที่เกิดขึ้นจากเครือขายสังคม ยังมีขอมูลเกิดขึ้นในบริบทตาง ๆ มากมาย ทั้งในการดำเนินงานของภาครัฐและภาคเอกชน เชน ขอมูล ธุรกรรมการเงิน ขอมูลสุขภาพ ขอมูลการทองเที่ยว และขอมูลจราจร เปนตน ทำใหเกิดขอมูลปริมาณมาก จากพฤติกรรมบุคคลและธุรกรรมทางธุรกิจ ขอมูลเหลานี้ ถาสามารถนำมาวิเคราะห จะทำใหเกิดองค ความรูใหม ๆ ที่จะนำไปสูการใชประโยชนทั้งในดานคุณภาพชีวิต การพัฒนาเศรษฐกิจและสังคม และ โอกาสทางธุรกิจ ซึ่งสวนหนึ่งมาจากความกาวหนาของเทคโนโลยีที่รองรับตอการวิเคราะหขอมูลขนาด ใหญได จึงมีแนวโนมความตองการขององคกรต
7,มคอ. 2 วท.บ (วิทยาการขอมูลและการวิเคราะหเชิงธุรกิจ) สาขาวิชาวิทยาการขอมูลและการวิเคราะหเชิงธุรกิจ คณะเทคโนโลยีสารสนเทศ สจล. 6 ตองการบุคลากรที่มีความเชี่ยวชาญเฉพาะทางดานเทคโนโลยีสารสนเทศของประเทศที่เพิ่มมากขึ้น จาก ยุทธศาสตรชาติและทิศทางการพัฒนาเศรษฐกิจและสังคมของประเทศ รวมถึงทิศทางความตองการและ การพัฒนาคนในบริบทโลกดังกลาวขางตน จึงจำเปนตองพัฒนาปรับปรุงหลักสูตรสาขาวิทยาการขอมูล และการวิเคราะหเชิงธุรกิจนี้ ซึ่งไดจัดการเรียนการสอนมาครบ 5 ป เพื่อรองรับกับการเปลี่ยนแปลงของ เทคโนโลยีและปรับปรุงเนื้อหาใหมีความเหมาะสม ทันสมัย และสามารถสรางทักษะอาชีพที่ชัดเจนมาก ขึ้น สอดคลองกับความตองการของผูเกี่ยวของ โดยเฉพาะสถานประกอบการซึ่งเปนผูใชบัณฑิต เพื่อสราง ศักยภาพและความมั่นใจใหแกตัวบัณฑิต เมื่อจบออกไปประกอบอาชีพที่ปจจุบันยังคอนขางขาดแคลน ไดแก นักวิทยาการขอมูล นักวิเคราะหเชิงสถิติ และวิศวกรขอมูล 12.2 ความเกี่ยวของกับพันธกิจของสถาบันฯ สถาบันฯ ไดกำหนดนโยบายและยุทธศาสตรของสถาบันฯ 10 ป (2560-2570) ซึ่งมุงสรางเสริม ศักยภาพและกำลังคนตามความตองการของประเทศและบริบทโลก จากบทบาทและความสำคัญของ วิทยาการขอมูลและการวิเคราะหเชิงธุรกิจ คณะเทคโนโลยีสารสนเทศ ซึ่งเปนหนวยงานสวนวิชาการ มี ภารกิจในการจัดการเรียนการสอนและการวิจัยทางดานเทคโนโลยีสารสนเทศ เพื่อมุงพัฒนาบุคลากรของ ประเทศใหมีความสามารถและศักยภาพดานเทคโนโลยีสารสนเทศ ไดตระหนักถึงความสำคัญและการ เปลี่ยนแปลงของเทคโนโลยี รวมทั้งความตองการบุคลากรดานวิทยาการขอมูลและการวิเคราะหเชิงธุรกิจ นี้ ซึ่งจะสงผลตอการพัฒนาประเทศทั้งดานเศรษฐกิจและสังคม จึงจำเปนตองพัฒนาหลักสูตรอยาง ตอเนื่อง เพื่อรองรับการเปลี่ยนแปลงของเทคโนโลยีและความตองการของตลาดแรงงาน ซึ่งไดพัฒนา หลักสูตรนี้ใหมีเนื้อหาการเรียนการสอนที่กาวหนา ทันสมัย และสอดคลองกับการเปลี่ยนแปลงของ เทคโนโลยีและความตองการของตลาดงานทั้งในประเทศและบริบทโลกตามยุทธศาสตของสถาบันฯ โดย คำนึงถึงกรอบมาตรฐานคุณวุฒิระดับอุดมศึกษาแหงชาติ อนึ่ง หลักสูตรที่ปรับปรุงใหมนี้มีวัตถุประสงคจะ จัดกลุมวิชาและองคความรูเปนการเรียนรูแบบกลุมวิชาชีพเฉพาะ เพื่อสรางทักษะและความเชี่ยวชาญที่ สอดคลองกับสายอาชีพที่ชัดเจนยิ่งขึ้น และเพื่อใหผูเรียนเขาใจวัตถุประสงคของการบูรณาการความรู รวมทั้ง ผูเรียนสามารถวางแผนการเรียนรูไดมีประสิทธิผลมากขึ้น นอกจากนี้ สามารถนำการเรียนแบบ กลุมวิชาชีพเฉพาะมาจัดการเรียนการสอนแบบสะสมหนวยกิต (Credit Bank) ตามนโยบายของสถาบันฯ ไดอีกดวย 13. ความสัมพันธ (ถามี) กับหลักสูตรอื่นที่เปดสอนในคณะ/ ภาควิชาอื่นของสถาบันฯ (เชน รายวิชา ที่เปดสอนเพื่อใหบริการคณะ/ภาควิชาอื่น หรือตองเรียนจากคณะ/ ภาควิชาอื่น) 13.1 กลุมวิชา/รายวิชาในหลักสูตรนี้ที่เปดสอนโดยคณะ/ภาควิชา/หลักสูตรอื่น  หมวดวิชาศึกษาทั่ว
8,มคอ. 2 วท.บ (วิทยาการขอมูลและการวิเคราะหเชิงธุรกิจ) สาขาวิชาวิทยาการขอมูลและการวิเคราะหเชิงธุรกิจ คณะเทคโนโลยีสารสนเทศ สจล. 7 13.3 การบริหารจัดการ รายวิชาในหลักสูตรที่เกี่ยวของกับความเชี่ยวชาญของสาขาวิชาหรือคณะอื่นประกอบไปดวย รายวิชาทางดานมนุษยศาสตรและสังคมศาสตร ภาษาอังกฤษ กฎหมายและวิชาดานคณิตศาสตรบางสวน ซึ่งการประสานความรวมมือในการจัดการเรียนการสอนกระทำผานกระบวนการตามปกติของสถาบันฯ ในการใหบริการสอนวิชาในหมวดศึกษาทั่วไปจากคณะที่มีความเชี่ยวชาญในดานตาง ๆ ขางตน โดยมีการ ติดตาม แลกเปลี่ยนขอมูลคุณภาพการเรียนการสอน และขอมูลยอนกลับ เชน ผลการประเมินการสอน ระหวางคณะกับหนวยงานที่ใหบริการสอนวิชาเหลานี้ เปนตน เพื่อใหรูปแบบการเรียนการสอนและ คุณภาพเปนไปตามมาตรฐานสอดคลองกับความตองการของหลักสูตร ในสวนของรายวิชาในหลักสูตรไมมี รายวิชาใดที่หลักสูตรอื่นตองมาเรียน
9,มคอ. 2 วท.บ (วิทยาการขอมูลและการวิเคราะหเชิงธุรกิจ) สาขาวิชาวิทยาการขอมูลและการวิเคราะหเชิงธุรกิจ คณะเทคโนโลยีสารสนเทศ สจล. 8 หมวดที่ 2 ขอมูลเฉพาะของหลักสูตร 1. ปรัชญา ความสำคัญ และวัตถุประสงคของหลักสูตร 1.1 ปรัชญา ขอมูลและสารสนเทศมีบทบาทสำคัญอยางยิ่งตอการดำเนินงานขององคกรและหนวยงานตาง ๆ ทั้งภาครัฐและเอกชน เพื่อชวยในการปรับปรุงกระบวนการทำงานในสวนงานตาง ๆ ใหมีประสิทธิภาพ รวมทั้งชวยทำใหการวางแผน ควบคุม และตัดสินใจของผูบริหารเปนไปอยางมีประสิทธิผล สามารถนำพา องคกรและหนวยงานใหประสบความสำเร็จตามเปาหมายที่กำหนด ชวยกระตุนใหเกิดการแขงขัน สงผล ตอการเปลี่ยนแปลงและพัฒนาดานเศรษฐกิจและสังคมของประเทศในภาพรวมใหดีขึ้น การไดมาซึ่งขอมูล และสารสนเทศดังกลาว ตองอาศัยศาสตรดานวิทยาการขอมูลและการวิเคราะหเชิงธุรกิจเขามาชวย เพื่อ ทำใหสามารถรวมรวบขอมูลจากฐานขอมูล (Database) และคลังขอมูล (Data warehouse) จากแหลง ตาง ๆ ซึ่งมีความซับซอนและมีปริมาณเพิ่มมากขึ้นอยางมหาศาลในระดับขอมูลมหัต (Big data) เพื่อ นำมาจัดเตรียมและประมวลผลดวยเครื่องมือซึ่งใชกลไกของอัลกอริทึม (Algorithm) ขั้นสูง เพื่อทำใหได สารสนเทศที่สามารถนำไปใชในการวิเคราะหและพยากรณไดอยางถูกตองรวดเร็ว สงผลทำใหการ ดำเนินการ รวมทั้งการตัดสินใจและแกปญหา เปนไปอยางมีประสิทธิภาพและเกิดประสิทธิผลสูงสุด คณะเทคโนโลยีสารสนเทศ สถาบันเทคโนโลยีพระจอมเกลาเจาคุณทหารลาดกระบัง ไดตระหนัก ถึงความสำคัญและความจำเปนที่จะตองจัดเตรียมบุคลากรที่มีความรูทางดานวิทยาการขอมูลและการ วิเคราะหเชิงธุรกิจ เพื่อรองรับความตองการของตลาดแรงงาน รวมทั้งรองรับการเปลี่ยนแปลงของ เทคโนโลยีที่ไดรับการพัฒนาอยางรวดเร็ว จึงไดจัดทำหลักสูตรวิทยาศาสตรบัณฑิต สาขาวิทยาการขอมูล และการวิเคราะหเชิงธุรกิจขึ้น เพื่อผลิตบัณฑิตที่มีความรูความสามารถทั้งในภาคทฤษฎีและปฏิบัติ มี ทักษะความชำนาญทั้งในระดับพื้นฐานและในระดับสูง รวมทั้งมีวันัย ซื่อสัตยสุจริต มีคุณธรรมจริยธรรม และมีความพรอมในการทำงาน เพื่อสามารถตอบสนองความตองการขององคกรและหนวยงานตาง ๆ ทั้ง ภาครัฐและเอกชนดังกลาวไดในอนาคต 1.2 ความสำคัญ องคกรและหนวยงานตาง ๆ ทั้งภาครัฐและเอกชน ไดตระหนักและเล็งเห็นถึงบทบาทความสำคัญ และความจำเปนของขอมูลและสารสนเทศ ซึ่งถูกนำมาใชในการวิเคราะหและพยากรณ เพื่อใหไดผลลัพธ ที่สามารถชวยในการดำเนินงาน รวมทั้งการตัดสินใจและแกปญหาไดอยางถูกตองรวดเร็ว สามารถนำพา องคกรและหนวยงานไปสูความสำเร็จตามเปาหมาย จึงมีความตองการบุคลากรที่มีความรูความสามารถ รวมทั้งมีทักษะความชำนาญดานวิทยาการขอมูลและการวิเคราะหเชิงธุรกิจจำนวนมาก ทั้งในภาคทฤษฎี และปฏิบัติ เพื่อใชในการขับเคลื่อนองคกรและหนวยงานใหเกิดประสิทธิภาพในการทำงาน ชวยทำใหการ ตัดสินใจเปนไปอยางมีประสิทธิผล รวมทั้งเพื่อสามารถรองรับการเปล
10,มคอ. 2 วท.บ (วิทยาการขอมูลและการวิเคราะหเชิงธุรกิจ) สาขาวิชาวิทยาการขอมูลและการวิเคราะหเชิงธุรกิจ คณะเทคโนโลยีสารสนเทศ สจล. 9 2) เพื่อผลิตบัณฑิตที่สามารถอธิบายและเลือกใชอัลกอลิทึม รวมถึงเครื่องมือทางวิทยาการ ขอมูล การวิเคราะหเชิงสถิติ และวิศวกรรมขอมูล 3) เพื่อผลิตบัณฑิตที่สามารถอธิบายและประเมินประสิทธิภาพของอัลกอริทึมทางวิทยาการ ขอมูล การวิเคราะหเชิงสถิติ และวิศวกรรมขอมูล 4) เพื่อผลิตบัณฑิตที่สามารถอธิบายและเลือกรูปแบบการนำเสนอผลลัพธของการแกปญหาดวย ทฤษฎีทางวิทยาการขอมูล การวิเคราะหเชิงสถิติ และวิศวกรรมขอมูล 5) เพื่อผลิตบัณฑิตที่สามารถสืบคน ตีความ และตอยอดความรูดานวิทยาการขอมูล การ วิเคราะหเชิงสถิติ และวิศวกรรมขอมูลเพื่อใชในการแกปญหาอยางสรางสรรค 6) เพื่อผลิตบัณฑิตใหมีเชี่ยวชาญและทักษะตามกลุมวิชาชีพใดวิชาชีพหนึ่ง ดังนี้ (1) วิเคราะห ออกแบบ และแกปญหาดวยวิทยาการขอมูล (2) วิเคราะห ออกแบบ และแกปญหาการวิเคราะหเชิงสถิติ (3) วิเคราะห ออกแบบ และแกปญหาทางวิศวกรรมขอมูล 2. แผนพัฒนาปรับปรุง แผนการพัฒนา/เปลี่ยนแปลง กลยุทธ หลักฐาน/ตัวบงชี้ 1. พัฒนาหลักสูตรใหเปนไปตาม เกณฑมาตรฐานระดับชาติและ สอดคลองกับมาตรฐานสากล ทุก 5 ป 1. ติดตามและตรวจสอบ ขอกำหนดของมาตรฐานที่ เกี่ยวของเปนระยะ เพื่อ นำมาใชปรับปรุงหลักสูตรให เปนไปตามเกณฑมาตรฐาน ระดับชาติและนานาชาติ 1. เอกสารปรับปรุงหลักสูตร 2. หลักสูตรผานเกณฑการ ประเมินของ สกอ. และ/หรือ CUPT ภายใน 4 ปนับจาก วันที่เริ่มเปดรับนักศึกษา 3. รายงานผลการประเมิน หลักสูตรประจำป 2. พัฒนาหลักสูตรใหสอดคลอง กับอัตลักษณและเอกลักษณ ของคณะ 1. พัฒนาหลักสูตรใหเนนความ เชี่ยวชาญเฉพาะดาน มีเนื้อหา และชั่วโมงปฏิบัติ ตลอดจน การศึกษาคนควาดวยตนเอง มากขึ้น 1. มติคณะกรรมการประจำสวน งานวิชาการคณะฯ เรื่องการ กำหนดอัตลักษณและ เอกลักษณของคณะ 2. เอกสารปรับปรุงหลักสูตร 3. รายงานผลการประเมินความ พึงพอใจในการใชบัณฑิตของ สถานประกอบการในระดับดี เปนอยางต่ำ 4. สงเสริมใหเกิดความรวมมือและ การมีสวนรวมของภาคเอกชน ในการจัดการศึกษา 1. สรางความรวมมือกับ ภาคเอกชนและผูประกอบการ เพื่อเชิญบุคลากรที่มีความรู และประสบการณจากการ ทำงานงานจริง ใหมีสวนรวม 1. ประกาศ หรือบันทึกขอตกลง ความรวมมือกับภาคเอกชน และผูประกอบการที่ เกี่ยวของ
11,มคอ. 2 วท.บ (วิทยาการขอมูลและการวิเคราะหเชิงธุรกิจ) สาขาวิชาวิทยาการขอมูลและการวิเคราะหเชิงธุรกิจ คณะเทคโนโลยีสารสนเทศ สจล. 10 แผนการพัฒนา/เปลี่ยนแปลง กลยุทธ หลักฐาน/ตัวบงชี้ ในการถายทอดความรูใน รายวิชาตาง ๆ ทั้งในรูปแบบ ของอาจารยพิเศษและ วิทยากรรับเชิญ รวมทั้งเพื่อ ชวยกำหนดโจทยปญหา สำหรับใชเปนกรณีศึกษาใน รายวิชาตาง ๆ ที่เกี่ยวของ หรือเปนหัวขอในวิชาโครงงาน เพื่อนำไปสูการพัฒนาเพื่อการ แกปญหาและใชงานจริง 2. สัดสวนจำนวนครั้งของการมี สวนรวมจากภาคเอกชนในการ ถายทอดความรูตอจำนวน รายวิชาในหลักสูตร 3. สัดสวนจำนวนหัวขอและ ผลงานในวิชาโครงงานที่ ภาคเอกชนหรือผูประกอบการ มีสวนรวมในการกำหนดโจทย ปญหา 4. สงเสริมใหเกิดความรวมมือกับ มหาวิทยาลัยหรือหนวยงานใน ตางประเทศในการผลิตบัณฑิต 1. สรางความรวมมือกับ มหาวิทยาลัยหรือหนวยงานใน ตางประเทศ เพื่อทำให นักศึกษามีโอกาสในการ แลกเปลี่ยนดานการศึกษใน ตางประเทศ โดยจัดหาทุน และสนับสนุนคาใชจายที่ เกี่ยวของ รวมทั้งเพื่อทำให เกิดการแบงปนเนื้อหาใน หลักสูตรการเรียนการสอน รวมกัน 1. ประกาศ หรือบันทึกขอตกลง ความรวมมือกับมหาวิทยาลัย หรือหนวยงานในตางประเทศ ที่เกี่ยวของกับการใหความ รวมมือดานการแลกเปลี่ยน นักศึกษา รวมทั้งการใหทุน สนับสนุนคาใชจายใน ตางประเทศ 2. สัดสวนจำนวนนักศึกษาที่มี การแลกเปลี่ยนกับ มหาวิทยาลัยหรือหนวยงานใน ตางประเทศ 3. สัดสวนจำนวนวิชาในหลักสูตร ที่มีการแบงปนเนื้อหาและมี การเรียนการสอนรวมกัน
13,มคอ. 2 วท.บ (วิทยาการขอมูลและการวิเคราะหเชิงธุรกิจ) สาขาวิชาวิทยาการขอมูลและการวิเคราะหเชิงธุรกิจ คณะเทคโนโลยีสารสนเทศ สจล. 12 หมวดที่ 3 ระบบการจัดการศึกษา การดำเนินการ และโครงสรางของหลักสูตร 1. ระบบการจัดการศึกษา 1.1 ระบบ ใชระบบการศึกษาแบบทวิภาค โดยใน 1 ปการศึกษาแบงออกเปน 2 ภาคการศึกษาปกติ ซึ่ง 1 ภาคการศึกษาปกติมีระยะเวลาศึกษาไมนอยกวา 15 สัปดาห และภาคฤดูรอน ใหกำหนดระยะเวลาโดย สัดสวนเทียบเคียงไดกับภาคการศึกษาปกติ ขอกำหนดตาง ๆ ไปเปนตามขอบังคับสถาบันเทคโนโลยีพระจอมเกลาเจาคุณทหารลาดกระบังวา ดวยการศึกษาระดับปริญญาตรี พ.ศ. 2564 (ภาคผนวก ก) 1.2 การจัดการศึกษาภาคการศึกษาพิเศษ (ภาคฤดูรอน) ไมมี 1.3 การเทียบเคียงหนวยกิตในระบบทวิภาค  ไมมี 2. การดำเนินการหลักสูตร 2.1. วัน-เวลาในการดำเนินการเรียนการสอน  วัน – เวลาราชการปกติ ภาคการศึกษาที่ 1 เดือนสิงหาคม – เดือนพฤศจิกายน ภาคการศึกษาที่ 2 เดือนมกราคม – เดือนเมษายน 2.2 คุณสมบัติของผูเขาศึกษา สำเร็จการศึกษาระดับมัธยมศึกษาตอนปลายหรือเทียบเทา โดยผานการคัดเลือกตามเกณฑของ สำนักงานคณะกรรมการอุดมศึกษา และ/หรือเปนไปตามระเบียบขอบังคับและประกาศการคัดเลือก ของสถาบันฯ 2.3 ปญหาของนักศึกษาแรกเขา  ความรูดานคณิตศาสตร/วิทยาศาสตรไมเพียงพอ  การปรับตัวจากการเรียนในระดับมัธยมศึกษา  นักศึกษาไมประสงคจะเรียนในสาขาวิชาที่สอบคัดเลือกได 2.4 กลยุทธในการดําเนินการเพื่อแกไขปญหา / ขอจํากัดของนักศึกษาในขอ 2.3  จัดสอนเสริมเตรียมความรูพื้นฐานกอนการเรียน  จัดการปฐมนิเทศนักศึกษาใหม แนะนำการวางเปาหมายชีวิต เทคนิคการเรียนในสถาบันฯ และการแบงเวลา  จัดใหมีระบบอาจารยที่ปรึกษาเพื่อทำหนาที่สอดสองดูแล ตักเตือน ใหคำแนะนำแกนักศึกษา และใหเนนย้ำในกรณีที่นักศึกษามีปญหาตามขางตนเปนกรณีพิเศษ  จัดกิจกรรมที่เกี่ยวของกับการสรางความสัมพันธของนักศึกษาและการดูแลนักศึกษา ไดแก วันแรกพบระหวางนักศึกษากับอาจารย วันพบผูปกครอง การติดตามการเรียนของ นักศึกษาชั้นปที่ 1 จากอาจารยผูสอน และจัดกิจกรรมสอนเสริมถาจำเปน
14,"มคอ. 2 วท.บ (วิทยาการขอมูลและการวิเคราะหเชิงธุรกิจ) สาขาวิชาวิทยาการขอมูลและการวิเคราะหเชิงธุรกิจ คณะเทคโนโลยีสารสนเทศ สจล. 13  จัดใหสามารถโอนยายสาขาวิชาไดโดยเปนไปตามขอบังคับวาดวยการศึกษระดับปริญญาตรี พ.ศ. 2564 (ภาคผนวก ก)  อื่น ๆ (จัดกิจกรรมแนะแนวการเรียนและการศึกษาตอใหกับนักเรียนที่สนใจเขาศึกษา) 2.5 แผนการรับนักศึกษาและผูสําเร็จการศึกษาในระยะ 5 ป จำนวนนักศึกษา ปการศึกษา 2565 2566 2567 2568 2569 ชั้นปที่ 1 50 50 50 50 50 ชั้นปที่ 2 50 50 50 50 ชั้นปที่ 3 50 50 50 ชั้นปที่ 4 50 50 รวม 50 100 150 200 200 คาดวาจะสำเร็จการศึกษา - - - 50 50 2.6 งบประมาณตามแผน (แสดงงบประมาณ โดยจําแนกรายละเอียดตามหัวขอการเสนอตั้งงบประมาณ รวมทั้งประมาณ การคาใชจายตอ หัวในการผลิตบัณฑิตตามหลักสูตรนั้น) ปงบประมาณ 2565 2566 2567 2568 2569 งบบุคลากร 2,592,400 5,203,000 7,608,700 10,009,600 10,477,600 งบลงทุน 1,269,200 2,202,000 2,946,900 3,401,500 3,570,200 งบดำเนินการ 2,907,500 3,881,200 4,766,400 5,566,900 5,621,900 รวม 6,769,100 11,286,200 15,322,000 18,978,000 19,669,700 ประมาณคาใชจายตอหัวในการผลิตบัณฑิตตามหลักสูตรนี้ เฉลี่ย 55,200 บาท/คน/ ป 2.7 ระบบการศึกษา  แบบชั้นเรียนและเปนไปตามระเบียบของสถาบันเทคโนโลยีพระจอมเกลาเจาคุณทหาร ลาดกระบังวาดวยการศึกษระดับปริญญาตรี พ.ศ. 2564 (ภาคผนวก ก) 2.8 การเทียบโอนหนวยกิต รายวิชาและการลงทะเบียนเรียนขามสถาบันอุดมศึกษา (ถามี) เปนไปตามขอบังคับสถาบันเทคโนโลยีพระจอมเกลาเจาคุณทหารลาดกระบัง วาดวยการศึกษ ระดับ ปริญญาตรี พ.ศ. 2564 (ภาคผนวก ก) และประกาศสถาบันเทคโนโลยีพระจอมเกลาเจาคุณทหาร ลาดกระบัง เรื่องการลงทะเบียนเรียนขามสถาบันอุดมศึกษา (ภาคผนวก ค)"
15,มคอ. 2 วท.บ (วิทยาการขอมูลและการวิเคราะหเชิงธุรกิจ) สาขาวิชาวิทยาการขอมูลและการวิเคราะหเชิงธุรกิจ คณะเทคโนโลยีสารสนเทศ สจล. 14 3. หลักสูตรและอาจารยผูสอน 3.1 หลักสูตร 3.1.1 จำนวนหนวยกิตรวมตลอดหลักสูตร 132 หนวยกิต 3.1.2 โครงสรางหลักสูตร แผนการศึกษาที่ไมเขา โครงการสหกิจศึกษา แผนการศึกษาที่เขา โครงการสหกิจ ศึกษา ก. หมวดวิชาศึกษาทั่วไป 30 หนวยกิต 30 หนวยกิต 1) กลุมวิชาพื้นฐาน 6 หนวยกิต 6 หนวยกิต 2) กลุมวิชาดานภาษาและการสื่อสาร 9 หนวยกิต 9 หนวยกิต 3) กลุมวิชาตามเกณฑของคณะ 9 หนวยกิต 9 หนวยกิต 4) กลุมวิชาเลือกหมวดวิชาการศึกษาทั่วไป 6 หนวยกิต 6 หนวยกิต ข. หมวดวิชาเฉพาะ 96 หนวยกิต 96 หนวยกิต 1) กลุมวิชาแกน 45 หนวยกิต 45 หนวยกิต - กลุมคณิตศาสตรและสถิติ 15 หนวยกิต 15 หนวยกิต - กลุมเทคโนโลยีสารสนเทศ 30 หนวยกิต 30 หนวยกิต 2) กลุมพื้นฐานวิชาชีพ 33 หนวยกิต 33 หนวยกิต 3) กลุมวิชาชีพเฉพาะดาน 12 หนวยกิต * 12 หนวยกิต * - กลุมวิทยาการขอมูล 12 หนวยกิต 12 หนวยกิต - กลุมการวิเคราะหเชิงสถิติ 12 หนวยกิต 12 หนวยกิต - กลุมวิศวกรรมขอมูล 12 หนวยกิต 12 หนวยกิต 4) กลุมวิชาการศึกษาทางเลือก 6 หนวยกิต 6 หนวยกิต - กลุมวิชาเลือกหรือกลุมวิชาชีพเฉพาะดาน 6 หนวยกิต - สหกิจศึกษา 6 หนวยกิต ค. หมวดวิชาเลือกเสรี 6 หนวยกิต 6 หนวยกิต *กลุมวิชาชีพเฉพาะดาน นักศึกษาเลือกลงทะเบียนเรียนวิชาในกลุมวิชาชีพเฉพาะดานกลุมใดกลุมหนึ่ง จำนวนรวม 12 หนวยกิต กรณีนักศึกษาเขารวมการศึกษาระดับปริญญาตรีโครงการแววนวัตกร เปนไปตามขอบังคับสถาบันเทคโนโลยีพระจอมเกลาเจาคุณทหารลาดกระบังวาดวยการศึกษา ระดับปริญญาตรีโครงการแววนวัตกร พ.ศ. 2560 (ภาคผนวก ข) หรือขอบังคับสถาบันฯ ที่เปนการ ปรับปรุงหรือทดแทนขอบังคับขางตน และประกาศของสวนงานวิชาการนั้น ๆ
16,มคอ. 2 วท.บ (วิทยาการขอมูลและการวิเคราะหเชิงธุรกิจ) สาขาวิชาวิทยาการขอมูลและการวิเคราะหเชิงธุรกิจ คณะเทคโนโลยีสารสนเทศ สจล. 15 3.1.3 รายวิชา ก. หมวดวิชาศึกษาทั่วไป 30 หนวยกิต 1) กลุมวิชาพื้นฐาน 6 หนวยกิต รหัสวิชา ชื่อวิชา หนวยกิต (บรรยาย-ปฏิบัติ-ศึกษาดวยตนเอง) 90641001 โรงเรียนสรางเสนห CHARM SCHOOL 2 (1-2-3) 90641002 ความฉลาดทางดิจิทัล DIGITAL INTELLIGENCE QUOTIENT 3 (3-0-6) 90641003 กีฬาและนันทนาการ SPORTS AND RECREATIONAL ACTIVITIES 1 (0-3-2) - การประเมินผลในรายวิชาทั้ง 3 รายวิชา จะใชเกณฑผลการเรียนเปนผาน (S) หรือไมผาน (U) 2) กลุมวิชาดานภาษาและการสื่อสาร 9 หนวยกิต รหัสวิชา ชื่อวิชา หนวยกิต (บรรยาย-ปฏิบัติ-ศึกษาดวยตนเอง) 90644007 ภาษาอังกฤษพื้นฐาน 1 FOUNDATION ENGLISH 1 3 (3-0-6) 90644008 ภาษาอังกฤษพื้นฐาน 2 FOUNDATION ENGLISH 2 3 (3-0-6) 90644xxx วิชาเลือกดานภาษาและการสื่อสาร* ELECTIVE IN LANGUAGE AND COMMUNICATION 3 (3-0-6) หรือ 3 (2-2-5) - การประเมินผลในรายวิชาทั้ง 2 รายวิชา จะใชเกณฑผลการเรียนเปนผาน (S) หรือไมผาน (U) * ใหนักศึกษาเลือกเรียนในกลุมวิชาดานภาษาและการสื่อสาร ตามรายวิชาที่สถาบันเทคโนโลยีพระจอม เกลาเจาคุณทหารลาดกระบังเปดสอน (ภาคผนวก ง) อีก 1 รายวิชา 3) กลุมวิชาตามเกณฑของคณะ 9 หนวยกิต รหัสวิชา ชื่อวิชา หนวยกิต (บรรยาย-ปฏิบัติ-ศึกษาดวยตนเอง) 90642033 กฎหมายสำหรับคนรุนใหม LAW FOR NEW GENERATION 3 (3-0-6) 90643021 ผูประกอบการสมัยใหม MODERN ENTREPRENEURS 3 (3-0-6) 90644042 การสื่อสารและการนำเสนออยางมืออาชีพ PROFESSIONAL COMMUNICATION AND PRESENTATION 3 (3-0-6)
17,มคอ. 2 วท.บ (วิทยาการขอมูลและการวิเคราะหเชิงธุรกิจ) สาขาวิชาวิทยาการขอมูลและการวิเคราะหเชิงธุรกิจ คณะเทคโนโลยีสารสนเทศ สจล. 16 4) กลุมวิชาเลือกหมวดวิชาการศึกษาทั่วไป 6 หนวยกิต รหัสวิชา ชื่อวิชา หนวยกิต (บรรยาย-ปฏิบัติ-ศึกษาดวยตนเอง) 9064xxxx วิชาเลือกหมวดวิชาศึกษาทั่วไป* ELECTIVE IN GENERAL EDUCATION 3 (3-0-6) หรือ 3 (2-2-5) - การประเมินผลในรายวิชาทั้ง 2 รายวิชา จะใชเกณฑผลการเรียนเปนผาน (S) หรือไมผาน (U) * ใหนักศึกษาเลือกเรียนในหมวดวิชาศึกษาทั่วไป ตามรายวิชาที่สถาบันเทคโนโลยีพระจอมเกลาเจาคุณ ทหารลาดกระบังเปดสอน (ภาคผนวก ง) อีก 1 รายวิชา ข. หมวดวิชาเฉพาะ 96 หนวยกิต 1) กลุมวิชาแกน 45 หนวยกิต - กลุมคณิตศาสตรและสถิติ 15 หนวยกิต รหัสวิชา ชื่อวิชา หนวยกิต (บรรยาย-ปฏิบัติ-ศึกษาดวยตนเอง) 06026200 แคลคูลัส 1 CALCULUS 1 3 (3-0-6) 06026201 แคลคูลัส 2 CALCULUS 2 3 (3-0-6) 06026202 พีชคณิตเชิงเสน LINEAR ALGEBRA 3 (3-0-6) 06066000 คณิตศาสตรไมตอเนื่อง DISCRETE MATHEMATICS 3 (3-0-6) 06066001 ความนาจะเปนและสถิติ PROBABILITY AND STATISTICS 3 (3-0-6) - กลุมพื้นฐานเทคโนโลยีสารสนเทศ 30 หนวยกิต รหัสวิชา ชื่อวิชา หนวยกิต (บรรยาย-ปฏิบัติ-ศึกษาดวยตนเอง) 06026203 การโปรแกรมคอมพิวเตอร COMPUTER PROGRAMMING 3 (2-2-5) 06026204 เครือขายและความมั่นคงทางไซเบอรเบื้องตน INTRODUCTION TO NETWORKS AND CYBERSECURITY 3 (3-0-6) 06066100 การบริหารโครงการเทคโนโลยีสารสนเทศ INFORMATION TECHNOLOGY PROJECT MANAGEMENT 3 (3-0-6)
